{  
   "grey":{  
      "avg":1.6610618397421548,
      "median":0.38757400854705043,
      "horz":-0.000991798099228899,
      "vert":-0.000058297930746602716,
      "avg_horz":0.018609796526077926,
      "avg_vert":0.007040155327921288,
      "med_horz":0,
      "med_vert":0,
      "constant":-0.2071098879225205,
      "minimum":0.20642615662898506
   },
   "distance":{  
      "height":0.11794033910745608,
      "width":1.2547484108366547,
      "constant":0.01295329735651057
   },
   "distance2":{  
      "height":0.0464379552605775,
      "width":-0.013883466855960229,
      "sixScore":0.9142819178400069,
      "constant":0.01260090260756326
   }
}