{"grey":{"avg":1.9055394370268417,"median":0.19299094293643493,"horz":0.001022491889030299,"vert":-0.011257563836838744,"avg_horz":0,"avg_vert":-0.10090161552064635,"med_horz":-0.0034554749291732367,"med_vert":0.1874654538468561,"constant":0.08714152275505654,"minimum":0.2155669674041651},"distance":{"height":0.005083200182362588,"width":1.5494320369023051,"constant":0.027809408122265844},"distance2":{"height":0.08119754484582588,"width":0.4984903720782734,"sixScore":0.5213097013787653,"constant":0.08087171268862153}}