{"grey":{"avg":1.6967827373467792,"median":0.24920695040173552,"horz":0.0023332511189782263,"vert":-0.012001924745572577,"avg_horz":-0.20662715239311,"avg_vert":0.09873949618303685,"med_horz":0.20423457806311976,"med_vert":0,"constant":0.03155786708745101,"minimum":0.22445213600846103},"distance":{"height":0.1180128074117137,"width":1.2303355981396429,"constant":0.03289438861726641},"distance2":{"height":0.0885060839807198,"width":1.281151225589361,"sixScore":0.018193681579181664,"constant":0.01658120998566176}}